{
  "VersionInfo": {
    "versionName": "1.3",
    "versionCode": "1"
  },
  "sharedLibrary": false,
  "sdkInfo": {
    "targetSdkVersion": "33",
    "minSdkVersion": "18"
  },
  "UsesFramework": {
    "ids": [1],
    "tag": null
  },
  "apkFilePath": "/storage/emulated/0/DCIM/SharedFolder/SILENT_MOD_APK.apk",
  "unknownFiles": {
    "META-INF/androidx.legacy_legacy-support-core-utils.version": "8",
    "META-INF/android.arch.lifecycle_livedata-core.version": "8",
    "META-INF/androidx.viewpager_viewpager.version": "8",
    "META-INF/androidx.cursoradapter_cursoradapter.version": "8",
    "META-INF/androidx.fragment_fragment.version": "8",
    "META-INF/androidx.coordinatorlayout_coordinatorlayout.version": "8",
    "META-INF/androidx.customview_customview.version": "8",
    "META-INF/androidx.drawerlayout_drawerlayout.version": "8",
    "META-INF/androidx.documentfile_documentfile.version": "8",
    "META-INF/androidx.core_core.version": "8",
    "META-INF/androidx.swiperefreshlayout_swiperefreshlayout.version": "8",
    "META-INF/androidx.vectordrawable_vectordrawable-animated.version": "8",
    "META-INF/android.arch.lifecycle_viewmodel.version": "8",
    "META-INF/androidx.interpolator_interpolator.version": "8",
    "META-INF/androidx.loader_loader.version": "8",
    "META-INF/androidx.versionedparcelable_versionedparcelable.version": "8",
    "META-INF/androidx.print_print.version": "8",
    "META-INF/androidx.slidingpanelayout_slidingpanelayout.version": "8",
    "META-INF/androidx.vectordrawable_vectordrawable.version": "8",
    "META-INF/androidx.localbroadcastmanager_localbroadcastmanager.version": "8",
    "META-INF/android.arch.lifecycle_livedata.version": "8",
    "META-INF/androidx.asynclayoutinflater_asynclayoutinflater.version": "8",
    "META-INF/androidx.appcompat_appcompat.version": "8",
    "META-INF/androidx.legacy_legacy-support-core-ui.version": "8",
    "META-INF/android.arch.core_runtime.version": "8",
    "META-INF/androidx.cardview_cardview.version": "8",
    "META-INF/android.arch.lifecycle_runtime.version": "8"
  },
  "compressionType": false,
  "apkFileName": "SILENT_MOD_APK_src.apk",
  "compactEntries": false,
  "sparseResources": false,
  "version": "2.4.0-241218",
  "PackageInfo": {
    "forcedPackageId": "127",
    "renameManifestPackage": null
  },
  "isFrameworkApk": false,
  "doNotCompress": [
    "resources.arsc",
    "png",
    "jpg",
    "mp4"
  ]
}